{
    "accuracy": [
        0.5669071078300476,
        0.6143826246261597,
        0.6389277577400208,
        0.6445257663726807,
        0.6585208177566528,
        0.6776832938194275,
        0.6732694506645203,
        0.6862956285476685,
        0.6873721480369568,
        0.6920012831687927,
        0.689094603061676,
        0.7023360729217529,
        0.7030896544456482,
        0.7072882056236267,
        0.7040585875511169,
        0.7086877226829529,
        0.7135321497917175,
        0.7145010232925415,
        0.7117019891738892,
        0.709333598613739,
        0.7140703797340393,
        0.7143933773040771,
        0.7103025317192078,
        0.715685248374939,
        0.715685248374939,
        0.711056113243103,
        0.7170847058296204,
        0.7220368385314941,
        0.7153622508049011,
        0.7183765769004822,
        0.7155775427818298,
        0.7192378044128418,
        0.7161158323287964,
        0.7173000574111938,
        0.713316798210144,
        0.7150393128395081,
        0.7154698967933655,
        0.7186995148658752,
        0.7153622508049011,
        0.7195607423782349,
        0.7180536389350891,
        0.7225750684738159,
        0.715685248374939,
        0.7192378044128418,
        0.7145010232925415,
        0.7167617678642273,
        0.716977059841156,
        0.7131015062332153,
        0.7170847058296204,
        0.7185918688774109,
        0.7077187895774841,
        0.7724189758300781,
        0.7892130613327026,
        0.7939498424530029,
        0.8081601858139038,
        0.813542902469635,
        0.8136505484580994,
        0.8242006897926331,
        0.8249542713165283,
        0.8269996643066406,
        0.8325976729393005,
        0.8334589004516602,
        0.8344278335571289,
        0.8406717777252197,
        0.8413177132606506,
        0.846377432346344,
        0.8499300479888916,
        0.8489611148834229,
        0.8518677949905396,
        0.8587576746940613,
        0.8587576746940613,
        0.8625255823135376,
        0.8603724837303162,
        0.8633868098258972,
        0.8680159449577332,
        0.8892238140106201,
        0.9020346403121948,
        0.8995586037635803,
        0.9032188653945923,
        0.906125545501709,
        0.9121541380882263
    ],
    "val_accuracy": [
        0.6348907351493835,
        0.660889208316803,
        0.6793519258499146,
        0.6834965944290161,
        0.7215523719787598,
        0.7072343826293945,
        0.7347400188446045,
        0.6586284637451172,
        0.7256970405578613,
        0.7396382689476013,
        0.733232855796814,
        0.6868877410888672,
        0.7584777474403381,
        0.7618688941001892,
        0.7558402419090271,
        0.7411454319953918,
        0.7535794973373413,
        0.7143933773040771,
        0.7505651712417603,
        0.7339864373207092,
        0.7780708074569702,
        0.7581009864807129,
        0.7426525950431824,
        0.7709118127822876,
        0.7765637040138245,
        0.7697814702987671,
        0.7784476280212402,
        0.7599849104881287,
        0.7675207257270813,
        0.763752818107605,
        0.7810851335525513,
        0.764129638671875,
        0.7705350518226624,
        0.7629992365837097,
        0.766767144203186,
        0.7181612849235535,
        0.7690278887748718,
        0.7588545680046082,
        0.7705350518226624,
        0.7437829971313477,
        0.7626224756240845,
        0.7550866603851318,
        0.7769404649734497,
        0.7682743072509766,
        0.7822155356407166,
        0.7573474049568176,
        0.7607384920120239,
        0.7547098994255066,
        0.7626224756240845,
        0.7746797204017639,
        0.8006781935691833,
        0.797287106513977,
        0.8070836663246155,
        0.8225319981575012,
        0.8349660634994507,
        0.8342124819755554,
        0.8270534873008728,
        0.8402411341667175,
        0.8372268080711365,
        0.8421251177787781,
        0.8372268080711365,
        0.8368500471115112,
        0.8311982154846191,
        0.835719645023346,
        0.8504144549369812,
        0.8353428840637207,
        0.8368500471115112,
        0.8232855796813965,
        0.8296910524368286,
        0.8353428840637207,
        0.8353428840637207,
        0.8447626233100891,
        0.8240391612052917,
        0.839110791683197,
        0.8266767263412476,
        0.8477769494056702,
        0.8428786993026733,
        0.8462697863578796,
        0.8443858623504639,
        0.8511680364608765,
        0.8504144549369812
    ],
    "loss": [
        3.9098050594329834,
        3.534006118774414,
        3.2020516395568848,
        2.9129204750061035,
        2.6534810066223145,
        2.422076463699341,
        2.221012592315674,
        2.0345144271850586,
        1.8768408298492432,
        1.7342292070388794,
        1.6083232164382935,
        1.4888721704483032,
        1.389261245727539,
        1.2996840476989746,
        1.2221070528030396,
        1.1457428932189941,
        1.0851812362670898,
        1.0294277667999268,
        0.9802477359771729,
        0.9367948770523071,
        0.8942893147468567,
        0.8607181310653687,
        0.8315536379814148,
        0.800154983997345,
        0.773414134979248,
        0.7538437247276306,
        0.7331612706184387,
        0.7140432596206665,
        0.7004484534263611,
        0.6867321133613586,
        0.6762607097625732,
        0.6625607013702393,
        0.6508892178535461,
        0.6445508599281311,
        0.6405661106109619,
        0.6288749575614929,
        0.6248034834861755,
        0.615478515625,
        0.6122726202011108,
        0.6071804165840149,
        0.6037649512290955,
        0.5977493524551392,
        0.5977934002876282,
        0.5937055349349976,
        0.5940279960632324,
        0.5889714360237122,
        0.5875067114830017,
        0.5880470275878906,
        0.5819689035415649,
        0.5870664119720459,
        0.5963675379753113,
        0.4884888827800751,
        0.4562378227710724,
        0.4434486925601959,
        0.4229484498500824,
        0.4181831479072571,
        0.4088442325592041,
        0.3975474536418915,
        0.39092376828193665,
        0.3884602189064026,
        0.3752583861351013,
        0.3729701638221741,
        0.3702441453933716,
        0.36307448148727417,
        0.3565807640552521,
        0.34997308254241943,
        0.34569117426872253,
        0.3446427881717682,
        0.3372056782245636,
        0.3297717869281769,
        0.3229425251483917,
        0.31721991300582886,
        0.31963101029396057,
        0.3178168535232544,
        0.3068491518497467,
        0.26224008202552795,
        0.24482689797878265,
        0.23955273628234863,
        0.23685318231582642,
        0.22772091627120972,
        0.22549894452095032
    ],